"icao","semana","avistamento","colisao","quase_colisao"
"SBAE",1,0,1,0
"SBAE",6,0,1,0
"SBAR",4,0,1,0
"SBAR",6,0,3,0
"SBAR",7,0,1,0
"SBAR",9,0,1,0
"SBAR",10,0,1,0
"SBAR",11,1,0,0
"SBAR",27,0,1,0
"SBAR",29,0,1,0
"SBAR",31,0,2,0
"SBAR",32,0,0,1
"SBAR",36,0,1,0
"SBAR",41,0,1,0
"SBAR",44,1,0,0
"SBAR",46,0,1,0
"SBAR",49,1,0,0
"SBAR",53,0,1,0
"SBAU",7,0,2,0
"SBAU",9,0,1,0
"SBBE",1,1,2,0
"SBBE",2,4,1,0
"SBBE",3,1,1,0
"SBBE",4,1,2,0
"SBBE",6,0,2,0
"SBBE",7,2,2,0
"SBBE",8,1,0,0
"SBBE",10,5,0,0
"SBBE",11,1,2,0
"SBBE",12,2,0,0
"SBBE",13,0,1,0
"SBBE",17,0,3,0
"SBBE",21,0,2,0
"SBBE",22,0,1,0
"SBBE",23,0,0,1
"SBBE",27,1,1,0
"SBBE",29,0,1,0
"SBBE",35,0,1,0
"SBBE",37,0,3,0
"SBBE",41,1,1,0
"SBBE",42,0,1,0
"SBBE",43,0,1,0
"SBBE",44,0,4,0
"SBBE",45,2,3,0
"SBBE",46,0,1,0
"SBBE",48,0,2,0
"SBBE",49,0,2,0
"SBBE",50,1,1,0
"SBBE",51,1,0,0
"SBBE",52,2,1,0
"SBBH",12,1,0,0
"SBBH",14,1,0,0
"SBBR",1,0,7,0
"SBBR",2,1,5,0
"SBBR",3,0,5,0
"SBBR",4,0,2,0
"SBBR",5,0,4,0
"SBBR",6,0,2,0
"SBBR",7,0,1,0
"SBBR",8,0,1,0
"SBBR",9,1,4,0
"SBBR",10,0,2,0
"SBBR",11,0,1,0
"SBBR",12,0,1,0
"SBBR",13,0,1,0
"SBBR",24,0,1,0
"SBBR",26,0,2,0
"SBBR",28,0,2,0
"SBBR",32,0,1,0
"SBBR",34,0,2,0
"SBBR",38,0,1,0
"SBBR",39,0,10,0
"SBBR",40,1,3,0
"SBBR",41,0,1,0
"SBBR",42,0,8,0
"SBBR",43,0,2,0
"SBBR",44,0,2,0
"SBBR",45,0,4,0
"SBBR",46,0,6,0
"SBBR",47,0,5,0
"SBBR",48,1,2,0
"SBBR",49,0,1,0
"SBBR",50,0,2,0
"SBBR",51,0,2,0
"SBBR",52,0,5,1
"SBBR",53,0,1,0
"SBBV",7,1,0,0
"SBBV",27,1,0,0
"SBBV",39,1,0,0
"SBBV",49,0,1,0
"SBCA",28,0,0,1
"SBCB",3,0,1,0
"SBCB",7,2,0,0
"SBCB",8,1,0,0
"SBCB",9,0,1,0
"SBCB",10,5,0,0
"SBCB",14,2,0,0
"SBCB",16,1,0,0
"SBCB",22,2,0,0
"SBCB",29,1,0,0
"SBCB",38,1,0,0
"SBCF",1,0,1,0
"SBCF",2,0,1,0
"SBCF",3,1,0,0
"SBCF",4,0,3,0
"SBCF",5,0,2,0
"SBCF",6,0,1,0
"SBCF",7,0,3,0
"SBCF",9,0,1,0
"SBCF",10,0,1,1
"SBCF",14,2,0,0
"SBCF",15,0,1,0
"SBCF",19,0,1,0
"SBCF",22,1,0,0
"SBCF",28,1,1,0
"SBCF",29,0,1,0
"SBCF",31,0,1,0
"SBCF",35,1,2,0
"SBCF",36,1,0,0
"SBCF",37,0,1,0
"SBCF",41,0,2,0
"SBCF",45,0,2,0
"SBCF",47,0,2,0
"SBCF",48,0,1,0
"SBCF",50,0,2,0
"SBCF",51,0,1,0
"SBCF",52,1,0,0
"SBCG",1,1,0,0
"SBCG",2,0,2,0
"SBCG",3,0,2,0
"SBCG",5,0,1,0
"SBCG",6,0,2,0
"SBCG",7,0,1,0
"SBCG",8,0,1,0
"SBCG",9,0,1,0
"SBCG",10,3,1,0
"SBCG",11,2,0,0
"SBCG",12,3,1,0
"SBCG",13,4,0,0
"SBCG",14,2,0,0
"SBCG",17,16,0,0
"SBCG",19,2,0,0
"SBCG",20,7,0,0
"SBCG",21,8,0,0
"SBCG",22,26,0,0
"SBCG",23,12,0,0
"SBCG",28,0,1,0
"SBCG",32,3,0,0
"SBCG",33,9,0,0
"SBCG",37,0,1,0
"SBCG",41,0,1,0
"SBCG",43,1,1,1
"SBCG",45,1,0,0
"SBCG",46,2,4,0
"SBCG",50,0,1,0
"SBCG",51,0,3,0
"SBCG",52,0,1,0
"SBCH",2,1,2,0
"SBCH",3,1,2,0
"SBCH",7,1,0,0
"SBCH",11,0,1,0
"SBCH",35,1,2,0
"SBCH",44,0,1,0
"SBCH",47,0,1,0
"SBCJ",10,0,1,0
"SBCN",6,0,1,0
"SBCP",7,0,2,0
"SBCP",8,0,1,0
"SBCP",10,0,1,0
"SBCP",12,0,1,0
"SBCR",1,1,0,0
"SBCR",2,1,0,0
"SBCR",23,1,0,0
"SBCR",47,1,0,0
"SBCR",48,1,0,0
"SBCT",1,2,5,0
"SBCT",2,2,3,0
"SBCT",3,3,10,0
"SBCT",4,0,4,0
"SBCT",5,1,0,0
"SBCT",6,0,1,0
"SBCT",7,0,3,0
"SBCT",9,0,2,0
"SBCT",10,1,1,0
"SBCT",12,1,0,0
"SBCT",13,0,1,0
"SBCT",29,0,2,0
"SBCT",36,0,3,0
"SBCT",40,0,5,0
"SBCT",41,0,1,0
"SBCT",42,0,1,0
"SBCT",43,0,2,0
"SBCT",44,1,0,0
"SBCT",45,2,1,0
"SBCT",46,0,2,0
"SBCT",47,3,2,0
"SBCT",48,0,1,0
"SBCT",49,1,3,0
"SBCT",50,0,3,0
"SBCT",51,0,4,0
"SBCT",52,0,1,0
"SBCX",2,0,1,0
"SBCX",3,0,1,0
"SBCX",9,0,1,0
"SBCY",1,2,3,1
"SBCY",3,2,4,0
"SBCY",4,0,3,0
"SBCY",5,0,4,0
"SBCY",6,0,5,0
"SBCY",7,3,6,0
"SBCY",8,0,3,0
"SBCY",9,1,1,0
"SBCY",11,0,1,0
"SBCY",12,1,0,0
"SBCY",18,0,1,0
"SBCY",19,1,0,0
"SBCY",20,0,1,0
"SBCY",21,0,3,0
"SBCY",22,1,2,0
"SBCY",23,0,1,0
"SBCY",25,0,1,0
"SBCY",26,1,0,0
"SBCY",31,1,1,0
"SBCY",32,3,4,0
"SBCY",33,2,1,0
"SBCY",34,1,0,0
"SBCY",37,0,1,0
"SBCY",38,0,1,0
"SBCY",41,0,1,0
"SBCY",43,0,2,0
"SBCY",44,2,2,0
"SBCY",45,0,1,0
"SBCY",46,1,2,0
"SBCY",47,0,1,0
"SBCY",48,0,1,0
"SBCY",49,0,1,0
"SBCY",50,0,1,0
"SBCY",51,0,3,0
"SBCY",52,0,1,0
"SBCZ",5,1,0,0
"SBDN",3,0,1,0
"SBDN",5,1,0,0
"SBDN",8,0,2,0
"SBDN",46,0,1,0
"SBDN",51,1,0,0
"SBDN",53,0,2,0
"SBEG",3,1,0,0
"SBEG",5,0,1,1
"SBEG",6,0,1,0
"SBEG",9,0,2,0
"SBEG",10,0,1,0
"SBEG",11,0,2,0
"SBEG",12,4,3,0
"SBEG",15,0,1,0
"SBEG",17,1,0,0
"SBEG",31,0,1,0
"SBEG",32,1,0,0
"SBEG",33,0,1,0
"SBEG",34,0,1,0
"SBEG",36,0,2,0
"SBEG",40,1,0,0
"SBEG",41,0,1,0
"SBEG",42,0,1,0
"SBEG",44,0,1,0
"SBEG",45,0,1,0
"SBEG",50,0,1,0
"SBFI",1,2,2,0
"SBFI",2,0,1,0
"SBFI",5,2,1,0
"SBFI",9,0,2,0
"SBFI",31,0,1,0
"SBFI",34,1,0,0
"SBFI",35,0,1,0
"SBFI",36,1,0,0
"SBFI",41,0,1,0
"SBFI",47,1,1,0
"SBFI",48,0,2,0
"SBFI",52,0,2,0
"SBFL",4,0,2,0
"SBFL",6,0,3,0
"SBFL",7,1,0,0
"SBFL",10,1,0,0
"SBFL",30,0,0,1
"SBFL",32,0,2,0
"SBFL",33,1,0,0
"SBFL",34,0,1,0
"SBFL",36,0,1,0
"SBFL",38,0,1,0
"SBFL",41,0,1,0
"SBFL",43,1,0,0
"SBFL",45,0,1,0
"SBFL",46,2,1,0
"SBFL",47,2,0,0
"SBFL",48,0,1,0
"SBFL",49,1,1,0
"SBFL",51,0,1,0
"SBFL",52,1,0,0
"SBFN",2,0,1,0
"SBFN",4,1,0,0
"SBFN",5,0,1,0
"SBFN",6,1,0,0
"SBFN",8,0,2,0
"SBFN",9,1,0,0
"SBFN",11,0,1,0
"SBFN",12,0,1,0
"SBFN",42,1,0,0
"SBFN",47,1,0,0
"SBFN",49,1,0,0
"SBFN",51,2,1,0
"SBFZ",1,1,10,0
"SBFZ",2,0,2,0
"SBFZ",3,0,3,0
"SBFZ",4,0,1,0
"SBFZ",6,0,2,0
"SBFZ",7,0,2,0
"SBFZ",8,0,2,0
"SBFZ",9,0,1,0
"SBFZ",10,0,2,0
"SBFZ",11,0,1,0
"SBFZ",12,0,2,0
"SBFZ",18,0,1,0
"SBFZ",26,0,1,0
"SBFZ",37,0,1,0
"SBFZ",38,1,0,0
"SBFZ",42,0,2,0
"SBFZ",44,1,0,0
"SBFZ",45,1,0,0
"SBFZ",46,1,0,0
"SBFZ",47,0,1,0
"SBFZ",51,1,1,0
"SBFZ",52,0,2,0
"SBGL",1,9,1,0
"SBGL",2,10,1,0
"SBGL",3,0,3,0
"SBGL",4,1,1,0
"SBGL",5,4,1,0
"SBGL",6,2,4,0
"SBGL",7,7,2,0
"SBGL",8,4,0,0
"SBGL",9,11,1,0
"SBGL",10,10,1,0
"SBGL",11,13,4,0
"SBGL",12,24,1,0
"SBGL",13,4,0,0
"SBGL",17,13,0,0
"SBGL",18,6,0,0
"SBGL",19,0,1,0
"SBGL",20,3,1,0
"SBGL",22,10,0,0
"SBGL",23,4,0,0
"SBGL",24,0,1,0
"SBGL",25,5,0,0
"SBGL",26,0,1,0
"SBGL",28,1,0,0
"SBGL",30,0,1,0
"SBGL",32,10,1,0
"SBGL",33,4,0,0
"SBGL",34,9,1,0
"SBGL",35,0,1,0
"SBGL",36,0,1,0
"SBGL",37,9,1,0
"SBGL",38,3,2,0
"SBGL",39,25,1,0
"SBGL",40,0,3,0
"SBGL",41,2,1,0
"SBGL",42,2,1,0
"SBGL",44,21,1,0
"SBGL",45,29,0,0
"SBGL",46,18,0,0
"SBGL",47,8,0,0
"SBGL",48,11,1,0
"SBGL",49,0,1,0
"SBGL",50,0,1,0
"SBGL",51,0,1,0
"SBGL",52,0,1,0
"SBGO",1,1,0,0
"SBGO",2,0,1,0
"SBGO",3,1,0,0
"SBGO",4,0,3,0
"SBGO",5,0,1,0
"SBGO",6,3,0,0
"SBGO",8,1,0,0
"SBGO",9,0,3,0
"SBGO",11,0,2,0
"SBGO",12,0,0,1
"SBGO",15,0,1,0
"SBGO",21,0,1,0
"SBGO",30,0,1,0
"SBGO",31,0,2,0
"SBGO",33,0,1,1
"SBGO",37,0,1,0
"SBGO",41,0,2,0
"SBGO",42,1,2,0
"SBGO",43,0,1,0
"SBGO",44,2,2,0
"SBGO",46,0,3,0
"SBGO",47,0,2,0
"SBGO",49,0,3,0
"SBGO",50,0,4,0
"SBGO",51,0,1,0
"SBGR",1,0,3,0
"SBGR",2,0,6,0
"SBGR",3,1,7,0
"SBGR",4,1,3,0
"SBGR",6,0,3,0
"SBGR",7,0,1,0
"SBGR",8,2,2,0
"SBGR",9,1,8,0
"SBGR",10,0,5,0
"SBGR",11,1,11,0
"SBGR",12,0,12,0
"SBGR",13,1,2,0
"SBGR",14,0,2,0
"SBGR",15,0,2,0
"SBGR",16,0,3,0
"SBGR",17,0,3,0
"SBGR",18,0,4,0
"SBGR",19,0,1,0
"SBGR",20,2,1,0
"SBGR",21,0,4,0
"SBGR",22,1,0,0
"SBGR",23,0,3,0
"SBGR",24,1,2,0
"SBGR",25,0,2,0
"SBGR",26,0,3,0
"SBGR",28,0,2,0
"SBGR",29,1,2,0
"SBGR",30,0,2,0
"SBGR",31,1,0,0
"SBGR",32,0,2,0
"SBGR",33,1,1,0
"SBGR",34,1,0,0
"SBGR",35,0,3,0
"SBGR",36,0,2,0
"SBGR",37,1,1,0
"SBGR",38,1,1,0
"SBGR",39,0,2,0
"SBGR",40,0,5,0
"SBGR",41,2,0,0
"SBGR",42,2,2,0
"SBGR",43,4,1,0
"SBGR",44,2,2,0
"SBGR",45,4,1,0
"SBGR",46,5,3,0
"SBGR",47,6,0,0
"SBGR",48,3,3,0
"SBGR",49,3,4,0
"SBGR",50,1,4,0
"SBGR",51,3,3,0
"SBGR",52,2,5,0
"SBGR",53,1,1,0
"SBGV",19,0,1,0
"SBGV",49,1,0,0
"SBHT",12,1,0,0
"SBIH",30,1,0,0
"SBIL",3,2,1,0
"SBIL",4,1,0,0
"SBIL",5,1,0,0
"SBIL",7,1,0,0
"SBIL",8,1,0,0
"SBIL",9,1,0,0
"SBIL",10,0,2,0
"SBIL",11,3,1,0
"SBIL",12,2,2,0
"SBIL",33,0,1,0
"SBIL",39,1,0,0
"SBIL",43,0,1,0
"SBIL",44,1,0,0
"SBIL",46,2,0,0
"SBIL",48,0,1,0
"SBIL",51,2,0,0
"SBIL",52,0,1,0
"SBIP",8,0,1,0
"SBIP",12,0,1,0
"SBIZ",3,0,1,0
"SBIZ",6,0,1,0
"SBIZ",7,0,1,0
"SBIZ",10,0,1,0
"SBIZ",12,0,1,0
"SBIZ",42,0,2,0
"SBIZ",44,0,2,0
"SBIZ",52,0,1,0
"SBJA",4,0,1,0
"SBJA",6,0,1,0
"SBJA",9,0,1,0
"SBJA",12,1,0,0
"SBJA",32,0,1,0
"SBJA",51,0,1,0
"SBJD",6,3,0,0
"SBJE",6,0,1,0
"SBJE",8,1,0,0
"SBJE",22,1,0,0
"SBJE",29,0,1,0
"SBJP",1,1,1,0
"SBJP",2,1,1,0
"SBJP",3,0,2,0
"SBJP",5,2,0,0
"SBJP",7,0,1,0
"SBJP",8,1,0,0
"SBJP",11,0,7,0
"SBJP",32,1,0,0
"SBJP",45,2,0,0
"SBJP",46,1,0,0
"SBJP",48,1,0,0
"SBJU",8,1,0,0
"SBJU",24,2,0,1
"SBJU",25,0,1,0
"SBJU",34,1,0,0
"SBJU",41,1,0,0
"SBJU",45,0,1,0
"SBJU",51,0,1,0
"SBJV",2,1,1,0
"SBJV",3,0,1,0
"SBJV",7,0,3,0
"SBJV",8,0,1,0
"SBJV",9,0,3,0
"SBJV",11,1,0,0
"SBJV",12,0,1,0
"SBJV",30,1,0,0
"SBJV",35,1,0,0
"SBJV",37,0,1,0
"SBJV",39,0,1,0
"SBJV",40,1,0,0
"SBJV",41,0,1,0
"SBJV",43,0,2,0
"SBJV",44,0,1,0
"SBJV",46,0,4,0
"SBJV",47,0,1,0
"SBJV",48,2,2,0
"SBJV",51,0,1,0
"SBJV",53,0,1,0
"SBKG",2,1,0,0
"SBKG",6,1,0,0
"SBKG",8,1,0,0
"SBKG",11,1,0,0
"SBKG",34,0,1,0
"SBKG",41,0,1,0
"SBKG",42,0,1,0
"SBKG",49,1,1,0
"SBKG",52,0,1,0
"SBKP",1,4,2,0
"SBKP",2,5,4,0
"SBKP",3,3,1,0
"SBKP",4,2,1,0
"SBKP",5,3,4,0
"SBKP",6,1,3,0
"SBKP",7,1,2,0
"SBKP",8,3,1,0
"SBKP",9,0,3,0
"SBKP",10,3,3,0
"SBKP",11,7,2,0
"SBKP",12,4,4,0
"SBKP",13,0,1,0
"SBKP",14,2,0,0
"SBKP",15,0,1,0
"SBKP",16,0,1,0
"SBKP",18,0,3,0
"SBKP",19,0,2,0
"SBKP",20,1,0,0
"SBKP",21,1,0,0
"SBKP",22,2,1,0
"SBKP",23,3,3,0
"SBKP",25,1,1,0
"SBKP",26,1,0,0
"SBKP",27,3,0,0
"SBKP",28,1,0,0
"SBKP",29,1,3,0
"SBKP",30,1,0,0
"SBKP",31,0,2,0
"SBKP",32,2,0,0
"SBKP",33,1,1,0
"SBKP",34,2,1,0
"SBKP",35,1,1,0
"SBKP",36,3,0,0
"SBKP",37,2,1,0
"SBKP",38,0,1,0
"SBKP",39,2,3,0
"SBKP",40,3,3,0
"SBKP",41,3,0,0
"SBKP",42,4,3,0
"SBKP",43,3,2,0
"SBKP",44,1,1,0
"SBKP",45,7,1,0
"SBKP",46,7,4,0
"SBKP",47,5,3,0
"SBKP",48,3,1,0
"SBKP",49,7,1,0
"SBKP",50,3,5,0
"SBKP",51,2,2,0
"SBKP",52,3,1,0
"SBKP",53,1,0,0
"SBLO",1,0,2,0
"SBLO",2,0,1,0
"SBLO",5,0,1,0
"SBLO",6,0,1,0
"SBLO",7,0,1,0
"SBLO",12,0,1,0
"SBLO",30,0,1,0
"SBLO",31,0,1,0
"SBLO",35,0,1,0
"SBLO",41,0,1,0
"SBLO",52,0,1,0
"SBLO",53,0,1,0
"SBMA",4,0,1,0
"SBMA",7,0,3,0
"SBMA",9,1,0,0
"SBMA",10,0,1,0
"SBMA",36,0,1,0
"SBMA",43,0,1,0
"SBMA",44,1,0,0
"SBMA",47,1,0,0
"SBMA",51,0,3,0
"SBMA",52,0,1,0
"SBME",3,1,0,0
"SBME",5,1,0,0
"SBME",6,0,2,0
"SBME",7,0,2,0
"SBME",12,0,0,1
"SBME",16,1,0,0
"SBME",34,1,0,0
"SBME",36,0,0,1
"SBME",41,1,0,0
"SBME",46,0,0,1
"SBMG",3,0,1,0
"SBMG",6,0,1,0
"SBMI",33,1,0,0
"SBMK",3,0,1,0
"SBMK",5,0,1,0
"SBMK",7,0,1,0
"SBMK",39,0,1,0
"SBMK",44,0,1,0
"SBMK",45,0,1,0
"SBMK",50,1,0,0
"SBMK",51,1,0,0
"SBML",2,0,1,0
"SBML",7,0,1,0
"SBML",9,0,1,0
"SBMO",6,0,1,0
"SBMO",7,1,0,0
"SBMO",8,1,0,1
"SBMO",10,0,1,0
"SBMO",11,1,1,0
"SBMO",12,1,1,0
"SBMO",35,1,1,0
"SBMO",38,1,0,0
"SBMO",43,0,1,0
"SBMO",44,0,1,0
"SBMO",45,0,2,0
"SBMO",47,0,2,0
"SBMO",49,1,0,0
"SBMO",51,0,1,0
"SBMO",52,1,0,0
"SBMQ",22,1,1,0
"SBMQ",26,0,0,1
"SBMQ",39,1,0,0
"SBMQ",46,0,1,0
"SBMQ",47,0,1,0
"SBMQ",51,1,0,0
"SBMS",4,0,1,0
"SBMT",21,1,0,0
"SBMT",26,1,0,0
"SBNF",1,0,1,0
"SBNF",2,0,2,0
"SBNF",3,0,2,0
"SBNF",6,0,1,0
"SBNF",7,0,2,0
"SBNF",9,0,1,0
"SBNF",11,0,1,0
"SBNF",33,0,1,0
"SBNF",40,0,2,0
"SBNF",43,0,1,0
"SBNF",44,0,2,0
"SBNF",46,0,1,0
"SBNF",48,0,4,0
"SBNF",51,0,1,0
"SBNF",52,0,2,0
"SBNM",5,0,1,0
"SBPA",1,0,2,0
"SBPA",2,1,1,0
"SBPA",3,0,1,0
"SBPA",4,0,3,0
"SBPA",5,0,1,0
"SBPA",6,0,2,0
"SBPA",8,0,1,0
"SBPA",9,0,2,0
"SBPA",10,0,1,0
"SBPA",11,0,1,0
"SBPA",12,0,3,0
"SBPA",13,0,1,0
"SBPA",24,0,1,0
"SBPA",25,0,1,0
"SBPA",30,0,1,0
"SBPA",32,0,1,0
"SBPA",34,1,0,0
"SBPA",35,0,1,0
"SBPA",39,0,2,0
"SBPA",40,0,3,0
"SBPA",41,0,3,0
"SBPA",42,0,1,0
"SBPA",43,0,2,0
"SBPA",47,1,1,0
"SBPA",48,0,2,0
"SBPA",50,1,1,0
"SBPA",51,0,1,0
"SBPB",3,1,0,0
"SBPB",4,1,0,0
"SBPB",5,1,0,0
"SBPB",7,1,0,0
"SBPB",10,1,0,0
"SBPG",10,0,1,0
"SBPG",11,0,1,0
"SBPJ",2,0,1,0
"SBPJ",5,1,0,0
"SBPJ",12,1,0,0
"SBPJ",16,0,1,0
"SBPJ",18,0,1,0
"SBPJ",28,0,1,0
"SBPJ",29,1,0,0
"SBPJ",35,0,1,0
"SBPJ",42,0,1,0
"SBPJ",43,0,1,0
"SBPL",1,0,2,0
"SBPL",4,0,1,0
"SBPL",5,0,1,0
"SBPL",6,0,1,0
"SBPL",10,0,1,0
"SBPL",11,0,2,0
"SBPL",12,1,5,0
"SBPL",22,1,0,0
"SBPL",40,0,1,0
"SBPL",45,1,0,0
"SBPL",47,0,1,0
"SBPL",50,1,0,0
"SBPL",52,0,1,0
"SBPL",53,1,0,0
"SBPO",3,0,2,0
"SBPS",3,0,1,0
"SBPS",4,0,1,0
"SBPS",5,2,0,0
"SBPS",7,1,0,0
"SBPS",9,0,1,0
"SBPS",10,0,1,0
"SBPS",19,1,0,0
"SBPS",51,0,1,0
"SBPV",7,0,1,0
"SBPV",10,0,0,1
"SBPV",12,0,0,1
"SBPV",19,1,0,0
"SBPV",33,0,1,0
"SBPV",37,0,1,0
"SBPV",39,0,1,0
"SBPV",43,0,1,0
"SBPV",46,0,1,0
"SBPV",47,0,1,0
"SBPV",49,0,3,0
"SBRB",2,0,3,0
"SBRB",7,0,1,0
"SBRB",11,0,1,0
"SBRB",12,1,0,0
"SBRB",18,1,0,0
"SBRB",22,0,1,0
"SBRB",36,1,0,0
"SBRB",49,1,1,0
"SBRD",2,0,1,0
"SBRF",1,1,1,0
"SBRF",3,0,1,0
"SBRF",4,0,4,0
"SBRF",5,0,2,0
"SBRF",6,0,4,0
"SBRF",8,0,1,0
"SBRF",9,0,2,0
"SBRF",10,0,4,0
"SBRF",11,0,2,0
"SBRF",12,0,1,0
"SBRF",17,1,1,0
"SBRF",20,0,2,0
"SBRF",21,0,3,0
"SBRF",22,1,2,0
"SBRF",23,0,1,0
"SBRF",24,0,3,0
"SBRF",25,0,2,0
"SBRF",27,0,1,0
"SBRF",28,0,3,0
"SBRF",29,0,7,0
"SBRF",30,0,1,0
"SBRF",32,2,1,0
"SBRF",33,0,1,0
"SBRF",34,0,3,0
"SBRF",35,1,3,0
"SBRF",36,0,5,0
"SBRF",37,4,4,0
"SBRF",38,2,9,0
"SBRF",39,0,3,0
"SBRF",41,0,1,0
"SBRF",42,0,1,0
"SBRF",43,0,1,0
"SBRF",45,0,2,0
"SBRF",48,0,1,0
"SBRF",49,0,3,0
"SBRF",51,0,2,0
"SBRF",52,1,4,0
"SBRJ",1,0,2,0
"SBRJ",2,0,1,0
"SBRJ",3,0,2,0
"SBRJ",6,0,1,0
"SBRJ",7,0,2,0
"SBRJ",8,0,0,1
"SBRJ",10,0,2,0
"SBRJ",11,0,1,0
"SBRJ",12,0,1,0
"SBRJ",13,0,1,0
"SBRJ",14,0,2,0
"SBRJ",24,0,1,0
"SBRJ",29,0,1,0
"SBRJ",30,0,1,0
"SBRJ",31,0,2,0
"SBRJ",32,1,0,0
"SBRJ",33,2,0,0
"SBRJ",36,1,1,0
"SBRJ",37,0,2,0
"SBRJ",38,0,1,0
"SBRJ",40,0,2,0
"SBRJ",41,2,0,0
"SBRJ",42,0,1,0
"SBRJ",44,0,1,0
"SBRJ",45,2,0,0
"SBRJ",46,0,2,0
"SBRJ",50,0,1,0
"SBRJ",51,0,1,0
"SBRJ",52,0,2,0
"SBRP",1,0,1,0
"SBRP",2,0,3,0
"SBRP",3,1,1,1
"SBRP",4,3,2,0
"SBRP",5,0,1,0
"SBRP",6,1,2,0
"SBRP",8,1,1,0
"SBRP",9,0,0,1
"SBRP",10,0,1,0
"SBRP",11,1,0,0
"SBRP",31,0,1,0
"SBRP",41,0,1,0
"SBRP",44,0,1,0
"SBRP",46,0,1,0
"SBRP",47,0,1,0
"SBRP",49,1,0,0
"SBRP",50,0,1,0
"SBRP",52,0,1,0
"SBSG",5,0,1,0
"SBSI",5,1,0,0
"SBSI",39,0,1,0
"SBSJ",3,0,1,0
"SBSJ",10,0,1,0
"SBSL",1,0,2,0
"SBSL",2,1,1,0
"SBSL",3,1,3,0
"SBSL",4,0,1,0
"SBSL",5,1,4,0
"SBSL",6,1,0,0
"SBSL",7,3,2,1
"SBSL",8,0,1,0
"SBSL",9,0,1,0
"SBSL",10,2,1,0
"SBSL",11,1,1,0
"SBSL",15,1,0,0
"SBSL",19,1,0,0
"SBSL",20,0,2,0
"SBSL",22,1,0,0
"SBSL",24,0,2,0
"SBSL",29,1,0,0
"SBSL",30,1,0,0
"SBSL",36,3,0,0
"SBSL",38,0,1,0
"SBSL",39,1,0,0
"SBSL",43,0,2,0
"SBSL",46,0,1,0
"SBSL",47,1,1,0
"SBSL",48,0,1,0
"SBSL",49,0,2,0
"SBSL",50,0,1,0
"SBSL",52,1,0,0
"SBSL",53,0,1,0
"SBSN",1,0,1,0
"SBSN",2,0,2,0
"SBSN",5,0,1,0
"SBSN",6,0,1,0
"SBSN",10,1,0,0
"SBSN",32,0,1,0
"SBSN",43,0,1,0
"SBSN",45,0,1,0
"SBSN",46,1,1,0
"SBSN",47,0,1,0
"SBSN",50,0,2,0
"SBSP",1,9,2,0
"SBSP",2,8,4,0
"SBSP",3,7,3,0
"SBSP",4,6,3,0
"SBSP",5,5,1,0
"SBSP",6,8,0,0
"SBSP",7,7,1,0
"SBSP",8,12,1,0
"SBSP",9,4,0,0
"SBSP",10,12,7,0
"SBSP",11,4,4,0
"SBSP",12,9,1,0
"SBSP",13,6,0,0
"SBSP",14,6,0,0
"SBSP",15,9,0,0
"SBSP",16,8,0,0
"SBSP",17,8,0,0
"SBSP",18,11,0,0
"SBSP",19,11,0,0
"SBSP",20,6,0,0
"SBSP",21,6,0,0
"SBSP",22,12,0,0
"SBSP",23,6,0,0
"SBSP",24,9,1,0
"SBSP",25,8,2,1
"SBSP",26,2,2,0
"SBSP",27,8,0,0
"SBSP",28,8,0,0
"SBSP",29,8,0,0
"SBSP",30,3,1,0
"SBSP",31,0,1,0
"SBSP",32,1,0,0
"SBSP",33,1,1,0
"SBSP",34,2,3,0
"SBSP",35,0,2,0
"SBSP",36,1,0,0
"SBSP",37,2,0,0
"SBSP",38,0,3,0
"SBSP",39,5,1,0
"SBSP",40,0,2,0
"SBSP",41,0,4,0
"SBSP",43,0,6,0
"SBSP",44,2,0,0
"SBSP",45,4,1,0
"SBSP",46,0,3,0
"SBSP",47,0,1,0
"SBSP",48,0,2,0
"SBSP",49,1,3,0
"SBSP",51,0,1,0
"SBSR",3,0,1,0
"SBSR",4,0,3,0
"SBSR",6,0,4,0
"SBSR",7,0,1,0
"SBSR",8,0,1,0
"SBSR",9,0,1,0
"SBSR",10,0,2,0
"SBSR",11,0,1,0
"SBSR",12,1,3,0
"SBSR",30,0,1,0
"SBSR",42,0,2,0
"SBSR",44,0,1,0
"SBSR",47,0,3,0
"SBSR",49,2,2,0
"SBSR",52,1,2,0
"SBSV",1,0,2,0
"SBSV",3,0,1,0
"SBSV",4,1,3,0
"SBSV",5,0,1,0
"SBSV",6,0,2,0
"SBSV",7,0,1,0
"SBSV",8,0,2,0
"SBSV",9,0,3,0
"SBSV",10,2,4,0
"SBSV",11,0,4,0
"SBSV",12,0,2,0
"SBSV",13,0,1,0
"SBSV",26,0,1,0
"SBSV",28,1,2,0
"SBSV",32,0,1,0
"SBSV",35,0,1,0
"SBSV",36,0,1,0
"SBSV",37,2,0,0
"SBSV",39,1,0,0
"SBSV",40,1,0,0
"SBSV",43,1,1,0
"SBSV",44,1,0,0
"SBSV",45,0,2,0
"SBSV",49,1,0,0
"SBTB",11,0,0,1
"SBTB",23,0,1,0
"SBTD",5,2,1,0
"SBTE",2,0,2,0
"SBTE",3,0,1,0
"SBTE",4,0,1,0
"SBTE",5,0,1,0
"SBTE",6,0,1,0
"SBTE",7,0,1,0
"SBTE",10,0,1,0
"SBTE",11,0,1,0
"SBTE",24,0,1,0
"SBTE",44,0,2,0
"SBTE",48,0,1,0
"SBTE",49,0,1,0
"SBTE",50,0,1,0
"SBTE",51,0,1,0
"SBTE",52,0,1,0
"SBTF",3,0,1,0
"SBTF",30,0,1,0
"SBTF",33,0,1,0
"SBTF",47,0,1,0
"SBTT",9,0,1,0
"SBTT",12,0,1,0
"SBTT",43,0,1,0
"SBUL",1,0,1,0
"SBUL",3,0,1,0
"SBUL",4,0,2,0
"SBUL",6,0,1,0
"SBUL",9,0,1,0
"SBUL",22,0,1,0
"SBUL",40,0,2,0
"SBUL",42,0,2,0
"SBUL",46,0,1,0
"SBUL",47,1,2,0
"SBUL",49,0,1,0
"SBUL",50,0,1,0
"SBUL",52,0,1,0
"SBUR",11,0,1,0
"SBVC",52,0,1,0
"SBVT",2,1,0,0
"SBVT",3,0,2,0
"SBVT",4,0,3,0
"SBVT",5,1,1,0
"SBVT",6,0,0,1
"SBVT",7,0,1,0
"SBVT",8,0,0,1
"SBVT",9,0,2,0
"SBVT",10,1,5,0
"SBVT",11,0,2,0
"SBVT",12,0,2,0
"SBVT",13,0,1,0
"SBVT",18,0,1,0
"SBVT",21,0,1,1
"SBVT",23,2,0,0
"SBVT",24,0,2,0
"SBVT",25,0,1,0
"SBVT",26,0,1,0
"SBVT",28,0,1,0
"SBVT",29,2,0,0
"SBVT",30,0,1,0
"SBVT",32,1,3,0
"SBVT",33,2,0,0
"SBVT",34,7,0,0
"SBVT",35,0,1,0
"SBVT",39,4,0,0
"SBVT",44,3,0,0
"SBVT",46,2,1,0
"SBVT",50,0,2,0
"SBZM",7,0,2,0
"SBZM",39,1,0,0
"SBZM",44,0,1,0
